-- MySQL Script generated by MySQL Workbench
-- Mon Nov  6 08:27:13 2023
-- Model: New Model    Version: 1.0
-- MySQL Workbench Forward Engineering

-- -----------------------------------------------------
-- Schema mydb
-- -----------------------------------------------------

-- -----------------------------------------------------
-- Schema mydb
-- -----------------------------------------------------
DROP DATABASE IF EXISTS `mydb`;

CREATE DATABASE IF NOT EXISTS `mydb`;
USE `mydb` ;

-- -----------------------------------------------------
-- Table `Info_Login`
-- -----------------------------------------------------
CREATE TABLE IF NOT EXISTS `Info_Login` (
  `ID_usuario` INT NOT NULL,
  `Login` VARCHAR(50) NOT NULL,
  `Senha` VARCHAR(50) NOT NULL,
  PRIMARY KEY (`ID_usuario`));


-- -----------------------------------------------------
-- Table `Hospedes`
-- -----------------------------------------------------
CREATE TABLE IF NOT EXISTS `Hospedes` (
  `ID_Hospede` INT NOT NULL AUTO_INCREMENT,
  `Nome_Hospede` VARCHAR(45) NOT NULL,
  `sobrenome_hospede` VARCHAR(45) NOT NULL,
  `nascimento_hospede` DATE NOT NULL,
  `telefone_hospede` CHAR(14) NOT NULL,
  `email_hospede` VARCHAR(255) NOT NULL,
  `FK_ID_usuario` INT NOT NULL,
  PRIMARY KEY (`ID_Hospede`, `FK_ID_usuario`),
  CONSTRAINT `fk_Hospedes_Info_Login1`
    FOREIGN KEY (`FK_ID_usuario`)
    REFERENCES `Info_Login` (`ID_usuario`));


-- -----------------------------------------------------
-- Table `Avaliacoes`
-- -----------------------------------------------------
CREATE TABLE IF NOT EXISTS `Avaliacoes` (
  `ID_Avaliacao` INT NOT NULL AUTO_INCREMENT,
  `Avaliacao` FLOAT NOT NULL,
  `Avaliador` VARCHAR(45) NOT NULL,
  `FK_ID_Hospede` INT NOT NULL,
  PRIMARY KEY (`ID_Avaliacao`, `FK_ID_Hospede`),
  CONSTRAINT `fk_Avaliacoes_Hospedes1`
    FOREIGN KEY (`FK_ID_Hospede`)
    REFERENCES `Hospedes` (`ID_Hospede`));

-- -----------------------------------------------------
-- Table `Espacos`
-- -----------------------------------------------------
CREATE TABLE IF NOT EXISTS `Espacos` (
  `ID_Espaco` INT NOT NULL AUTO_INCREMENT,
  `Ocupante_Espaco` INT NOT NULL,
  `Check_In` DATE NOT NULL,
  `Check_Out` DATE NOT NULL,
  PRIMARY KEY (`ID_Espaco`));


-- -----------------------------------------------------
-- Table `Quartos`
-- -----------------------------------------------------
CREATE TABLE IF NOT EXISTS `Quartos` (
  `ID_Quarto` INT NOT NULL AUTO_INCREMENT,
  `Tipo_Quarto` VARCHAR(45) NOT NULL,
  `Preco_Diaria` FLOAT NOT NULL,
  `Dispo_Quarto` TINYINT NOT NULL,
  `Cap_max` INT NOT NULL,
  `FK_ID_Espaco` INT NOT NULL,
  PRIMARY KEY (`ID_Quarto`, `FK_ID_Espaco`),
  CONSTRAINT `fk_Quartos_Espacos1`
    FOREIGN KEY (`FK_ID_Espaco`)
    REFERENCES `Espacos` (`ID_Espaco`));


-- -----------------------------------------------------
-- Table `Servicos`
-- -----------------------------------------------------
CREATE TABLE IF NOT EXISTS `Servicos` (
  `ID_Servico` INT NOT NULL,
  `Nome_Servico` VARCHAR(45) NOT NULL,
  `Preco_Servico` FLOAT NOT NULL,
  `Pag_Efetuado` TINYINT NOT NULL,
  PRIMARY KEY (`ID_Servico`))
ENGINE = InnoDB;


-- -----------------------------------------------------
-- Table `Servicos_Consumidos`
-- -----------------------------------------------------
CREATE TABLE IF NOT EXISTS `Servicos_Consumidos` (
  `ID_Servico_Consumido` INT NOT NULL,
  `FK_Hospedes_ID` INT NOT NULL,
  `FK_Servicos_ID` INT NOT NULL,
  PRIMARY KEY (`ID_Servico_Consumido`, `FK_Hospedes_ID`, `FK_Servicos_ID`),
  CONSTRAINT `fk_Servicos_Consumidos_Hospedes1`
    FOREIGN KEY (`FK_Hospedes_ID`)
    REFERENCES `Hospedes` (`ID_Hospede`),
  CONSTRAINT `fk_Servicos_Consumidos_Servicos1`
    FOREIGN KEY (`FK_Servicos_ID`)
    REFERENCES `Servicos` (`ID_Servico`));


-- -----------------------------------------------------
-- Table `Computadores`
-- -----------------------------------------------------
CREATE TABLE IF NOT EXISTS `Computadores` (
  `ID_PC` INT NOT NULL,
  `Num_PC` INT NOT NULL,
  `Temp_Alugado` INT NOT NULL,
  `FK_ID_Espaco` INT NOT NULL,
  PRIMARY KEY (`ID_PC`, `FK_ID_Espaco`),
  CONSTRAINT `fk_Computadores_Espacos1`
    FOREIGN KEY (`FK_ID_Espaco`)
    REFERENCES `Espacos` (`ID_Espaco`));


-- -----------------------------------------------------
-- Table `Sala_Reunioes`
-- -----------------------------------------------------
CREATE TABLE IF NOT EXISTS `Sala_Reunioes` (
  `ID_Sala` INT NOT NULL,
  `Disp_Sala` TINYINT NOT NULL,
  `Temp_Alugado` INT NOT NULL,
  `Cap_Max` INT NOT NULL,
  `FK_ID_Espaco` INT NOT NULL,
  PRIMARY KEY (`ID_Sala`, `FK_ID_Espaco`),
  CONSTRAINT `fk_Sala_Reunioes_Espacos1`
    FOREIGN KEY (`FK_ID_Espaco`)
    REFERENCES `Espacos` (`ID_Espaco`));
    
-- -----------------------------------------------------
-- Table `Espacos_Reservados`
-- -----------------------------------------------------
CREATE TABLE IF NOT EXISTS `Espacos_Reservados` (
 `ID_Espaco_Reservado` INT NOT NULL AUTO_INCREMENT,
  `FK_ID_Espaco` INT NOT NULL,
  `FK_ID_Hospede` INT NOT NULL,
  PRIMARY KEY (`ID_Espaco_Reservado`,`FK_ID_Espaco`, `FK_ID_Hospede`),
  CONSTRAINT `fk_Espacos_has_Hospedes_Espacos1`
    FOREIGN KEY (`FK_ID_Espaco`)
    REFERENCES `Espacos` (`ID_Espaco`),
  CONSTRAINT `fk_Espacos_has_Hospedes_Hospedes1,`
    FOREIGN KEY (`FK_ID_Hospede`)
    REFERENCES `Hospedes` (`ID_Hospede`));



insert into Info_Login (ID_usuario, Login, Senha) values (1, 'Allayne', 'kR1&)\g*_9"');
insert into Info_Login (ID_usuario, Login, Senha) values (2, 'Remus', 'aI7_|Z{&sml+_Fv');
insert into Info_Login (ID_usuario, Login, Senha) values (3, 'Shanie', 'gR0?x#|in(34');
insert into Info_Login (ID_usuario, Login, Senha) values (4, 'Rica', 'dF7=O_2YpJ');
insert into Info_Login (ID_usuario, Login, Senha) values (5, 'Keary', 'aK4"Vql`j');
insert into Info_Login (ID_usuario, Login, Senha) values (6, 'Curtice', 'qZ4}Lu$Nqu!1Xc');
insert into Info_Login (ID_usuario, Login, Senha) values (7, 'Siobhan', 'tX5>Tl{_cd&Nc0eg');
insert into Info_Login (ID_usuario, Login, Senha) values (8, 'Phedra', 'dC4&i4Q5||1Kp');
insert into Info_Login (ID_usuario, Login, Senha) values (9, 'Timmie', 'zS2~3EH~6z');
insert into Info_Login (ID_usuario, Login, Senha) values (10, 'Cornela', 'zM1@2_/Z7&');
insert into Info_Login (ID_usuario, Login, Senha) values (11, 'Casar', 'jK6/YPcGe9');
insert into Info_Login (ID_usuario, Login, Senha) values (12, 'Radcliffe', 'lZ8=F4`C36');
insert into Info_Login (ID_usuario, Login, Senha) values (13, 'Christoffer', 'rL8={A)g28bz0''');
insert into Info_Login (ID_usuario, Login, Senha) values (14, 'Olenka', 'vR9\wMo6e6');
insert into Info_Login (ID_usuario, Login, Senha) values (15, 'Ajay', 'hS4|x%jgY(t''e9');
insert into Info_Login (ID_usuario, Login, Senha) values (16, 'Brier', 'rA1&B''HgF`6');
insert into Info_Login (ID_usuario, Login, Senha) values (17, 'Fionnula', 'eM3~8_7gn(');
insert into Info_Login (ID_usuario, Login, Senha) values (18, 'Tremaine', 'lY5=''C2M&Sj!+Y6J');
insert into Info_Login (ID_usuario, Login, Senha) values (19, 'Latrina', 'pY6~@Ll%B,#7(/~f');
insert into Info_Login (ID_usuario, Login, Senha) values (20, 'Hadley', 'mY0#rEz#hoLV$A');

insert into Hospedes (ID_Hospede,Nome_Hospede, sobrenome_hospede, nascimento_hospede, telefone_hospede, email_hospede, fk_id_usuario) values (0101,'Horton', 'Tomeo', '1996-04-23', '652-234-8658', 'htomeo0@desdev.cn', 1);
insert into Hospedes (ID_Hospede,Nome_Hospede, sobrenome_hospede, nascimento_hospede, telefone_hospede, email_hospede, fk_id_usuario) values (0202,'Barrett', 'Sinnott', '1996-03-06', '323-886-5627', 'bsinnott1@parallels.com', 2);
insert into Hospedes (ID_Hospede,Nome_Hospede, sobrenome_hospede, nascimento_hospede, telefone_hospede, email_hospede, fk_id_usuario) values (0303,'Antonius', 'Laughren', '2002-12-09', '163-243-3761', 'alaughren2@bloglines.com', 3);
insert into Hospedes (ID_Hospede,Nome_Hospede, sobrenome_hospede, nascimento_hospede, telefone_hospede, email_hospede, fk_id_usuario) values (0404,'Denise', 'Harower', '1990-12-08', '576-653-6087', 'dharower3@earthlink.net', 4);
insert into Hospedes (ID_Hospede,Nome_Hospede, sobrenome_hospede, nascimento_hospede, telefone_hospede, email_hospede, fk_id_usuario) values (0505,'Aguste', 'Bartak', '1993-05-29', '617-763-4740', 'abartak4@bandcamp.com', 5);
insert into Hospedes (ID_Hospede,Nome_Hospede, sobrenome_hospede, nascimento_hospede, telefone_hospede, email_hospede, fk_id_usuario) values (0606,'Cory', 'Knappitt', '1983-12-07', '384-434-2427', 'cknappitt5@sitemeter.com', 6);
insert into Hospedes (ID_Hospede,Nome_Hospede, sobrenome_hospede, nascimento_hospede, telefone_hospede, email_hospede, fk_id_usuario) values (0707,'Brianna', 'Richardsson', '1988-11-06', '962-264-8449', 'brichardsson6@virginia.edu', 7);
insert into Hospedes (ID_Hospede,Nome_Hospede, sobrenome_hospede, nascimento_hospede, telefone_hospede, email_hospede, fk_id_usuario) values (0808 ,'Amalle', 'Doble', '1991-09-01', '538-976-7385', 'adoble7@usda.gov', 8);
insert into Hospedes (ID_Hospede,Nome_Hospede, sobrenome_hospede, nascimento_hospede, telefone_hospede, email_hospede, fk_id_usuario) values (0909,'Kurtis', 'Weyland', '1987-08-02', '917-298-6750', 'kweyland8@fc2.com', 9);
insert into Hospedes (ID_Hospede,Nome_Hospede, sobrenome_hospede, nascimento_hospede, telefone_hospede, email_hospede, fk_id_usuario) values (1010,'Dunstan', 'Marchi', '1994-04-09', '498-498-5794', 'dmarchi9@dot.gov', 10);
insert into Hospedes (ID_Hospede,Nome_Hospede, sobrenome_hospede, nascimento_hospede, telefone_hospede, email_hospede, fk_id_usuario) values (1111,'Pernell', 'Duck', '1998-12-03', '884-974-1427', 'pducka@xrea.com', 11);
insert into Hospedes (ID_Hospede,Nome_Hospede, sobrenome_hospede, nascimento_hospede, telefone_hospede, email_hospede, fk_id_usuario) values (1212,'Lydon', 'Shrigley', '2011-11-03', '552-156-9895', 'lshrigleyb@prweb.com', 12);
insert into Hospedes (ID_Hospede,Nome_Hospede, sobrenome_hospede, nascimento_hospede, telefone_hospede, email_hospede, fk_id_usuario) values (1313,'Gayler', 'Simonich', '2004-03-08', '322-186-7311', 'gsimonichc@jiathis.com', 13);
insert into Hospedes (ID_Hospede,Nome_Hospede, sobrenome_hospede, nascimento_hospede, telefone_hospede, email_hospede, fk_id_usuario) values (1414,'Park', 'Minghella', '2010-07-10', '386-930-9255', 'pminghellad@tamu.edu', 14);
insert into Hospedes (ID_Hospede,Nome_Hospede, sobrenome_hospede, nascimento_hospede, telefone_hospede, email_hospede, fk_id_usuario) values (1515 ,'Barton', 'Eddie', '1991-07-07', '716-568-3027', 'beddiee@deliciousdays.com', 15);
insert into Hospedes (ID_Hospede,Nome_Hospede, sobrenome_hospede, nascimento_hospede, telefone_hospede, email_hospede, fk_id_usuario) values (1616,'Nicky', 'Hame', '1984-01-11', '316-792-9614', 'nhamef@blogtalkradio.com', 16);
insert into Hospedes (ID_Hospede,Nome_Hospede, sobrenome_hospede, nascimento_hospede, telefone_hospede, email_hospede, fk_id_usuario) values (1717 ,'Tiffany', 'Bilfoot', '1986-02-06', '700-510-4923', 'tbilfootg@sakura.ne.jp', 17);
insert into Hospedes (ID_Hospede,Nome_Hospede, sobrenome_hospede, nascimento_hospede, telefone_hospede, email_hospede, fk_id_usuario) values (1818 ,'Lisle', 'Hutcheon', '1992-09-12', '134-834-3267', 'lhutcheonh@netvibes.com', 18);
insert into Hospedes (ID_Hospede,Nome_Hospede, sobrenome_hospede, nascimento_hospede, telefone_hospede, email_hospede, fk_id_usuario) values (1919,'Kylynn', 'Bicknell', '1993-08-11', '583-881-0023', 'kbicknelli@ucsd.edu', 19);
insert into Hospedes (ID_Hospede,Nome_Hospede, sobrenome_hospede, nascimento_hospede, telefone_hospede, email_hospede, fk_id_usuario) values (2020,'Land', 'McKea', '1986-01-12', '686-127-3017', 'lmckeaj@xrea.com', 20);


insert into Servicos (ID_Servico, Pag_Efetuado, Preco_Servico, Nome_Servico) values (101, true, 149.99, 'Frigobar1');
insert into Servicos (ID_Servico, Pag_Efetuado, Preco_Servico, Nome_Servico) values (102, true, 249.99, 'Frigobar2');
insert into Servicos (ID_Servico, Pag_Efetuado, Preco_Servico, Nome_Servico) values (103, false, 399.99, 'Frigobar3');
insert into Servicos (ID_Servico, Pag_Efetuado, Preco_Servico, Nome_Servico) values (104, true, 29.99, 'Reposição1');
insert into Servicos (ID_Servico, Pag_Efetuado, Preco_Servico, Nome_Servico) values (105, false, 59.99, 'Reposição2');
insert into Servicos (ID_Servico, Pag_Efetuado, Preco_Servico, Nome_Servico) values (106, false, 99.99, 'Reposição3');
insert into Servicos (ID_Servico, Pag_Efetuado, Preco_Servico, Nome_Servico) values (107, true, 34.99, 'Café da manhã');
insert into Servicos (ID_Servico, Pag_Efetuado, Preco_Servico, Nome_Servico) values (108, false, 44.99, 'Almoço');
insert into Servicos (ID_Servico, Pag_Efetuado, Preco_Servico, Nome_Servico) values (109, false, 44.99, 'Jantar');
insert into Servicos (ID_Servico, Pag_Efetuado, Preco_Servico, Nome_Servico) values (110, true, 28.99, 'Espumante Salton Brut');
insert into Servicos (ID_Servico, Pag_Efetuado, Preco_Servico, Nome_Servico) values (111, true, 188.99, 'Vinho Villaggio');
insert into Servicos (ID_Servico, Pag_Efetuado, Preco_Servico, Nome_Servico) values (112, false, 39.99, 'Espumante Casa Perini Moscatel');
insert into Servicos (ID_Servico, Pag_Efetuado, Preco_Servico, Nome_Servico) values (113, false, 76.99, 'Whisky Johnnie Walker Red Label');
insert into Servicos (ID_Servico, Pag_Efetuado, Preco_Servico, Nome_Servico) values (114, true, 99.99, 'Whiskey Bourbon Jim Beam White');
insert into Servicos (ID_Servico, Pag_Efetuado, Preco_Servico, Nome_Servico) values (115, false, 17.99, 'Cerveja Belgian Blond Ale');
insert into Servicos (ID_Servico, Pag_Efetuado, Preco_Servico, Nome_Servico) values (116, true, 28.99, 'Cerveja Duvel Belgian Golden Ale');
insert into Servicos (ID_Servico, Pag_Efetuado, Preco_Servico, Nome_Servico) values (117, true, 20.99, 'Cerveja Belgian Dark Strong Ale');
insert into Servicos (ID_Servico, Pag_Efetuado, Preco_Servico, Nome_Servico) values (118, false, 26.80, 'Bloody Mary');
insert into Servicos (ID_Servico, Pag_Efetuado, Preco_Servico, Nome_Servico) values (119, true, 28.60, 'Cuervo Margarita‫');
insert into Servicos (ID_Servico, Pag_Efetuado, Preco_Servico, Nome_Servico) values (120, false, 28.60, 'Negroni');

insert into Servicos_Consumidos (ID_Servico_Consumido, FK_Hospedes_ID, FK_Servicos_ID) values (21, 0101, 101);
insert into Servicos_Consumidos (ID_Servico_Consumido, FK_Hospedes_ID, FK_Servicos_ID) values (22, 0202, 102);
insert into Servicos_Consumidos (ID_Servico_Consumido, FK_Hospedes_ID, FK_Servicos_ID) values (23, 0303, 103);
insert into Servicos_Consumidos (ID_Servico_Consumido, FK_Hospedes_ID, FK_Servicos_ID) values (24, 0404, 104);
insert into Servicos_Consumidos (ID_Servico_Consumido, FK_Hospedes_ID, FK_Servicos_ID) values (25, 0505, 105);
insert into Servicos_Consumidos (ID_Servico_Consumido, FK_Hospedes_ID, FK_Servicos_ID) values (26, 0606, 106);
insert into Servicos_Consumidos (ID_Servico_Consumido, FK_Hospedes_ID, FK_Servicos_ID) values (27, 0707, 107);
insert into Servicos_Consumidos (ID_Servico_Consumido, FK_Hospedes_ID, FK_Servicos_ID) values (28, 0808, 108);
insert into Servicos_Consumidos (ID_Servico_Consumido, FK_Hospedes_ID, FK_Servicos_ID) values (29, 0909, 109);
insert into Servicos_Consumidos (ID_Servico_Consumido, FK_Hospedes_ID, FK_Servicos_ID) values (30, 1010, 110);
insert into Servicos_Consumidos (ID_Servico_Consumido, FK_Hospedes_ID, FK_Servicos_ID) values (31, 1111, 111);
insert into Servicos_Consumidos (ID_Servico_Consumido, FK_Hospedes_ID, FK_Servicos_ID) values (32, 1212, 112);
insert into Servicos_Consumidos (ID_Servico_Consumido, FK_Hospedes_ID, FK_Servicos_ID) values (33, 1313, 113);
insert into Servicos_Consumidos (ID_Servico_Consumido, FK_Hospedes_ID, FK_Servicos_ID) values (34, 1414, 114);
insert into Servicos_Consumidos (ID_Servico_Consumido, FK_Hospedes_ID, FK_Servicos_ID) values (35, 1515, 115);
insert into Servicos_Consumidos (ID_Servico_Consumido, FK_Hospedes_ID, FK_Servicos_ID) values (36, 1616, 116);
insert into Servicos_Consumidos (ID_Servico_Consumido, FK_Hospedes_ID, FK_Servicos_ID) values (37, 1717 , 117);
insert into Servicos_Consumidos (ID_Servico_Consumido, FK_Hospedes_ID, FK_Servicos_ID) values (38, 1818, 118);
insert into Servicos_Consumidos (ID_Servico_Consumido, FK_Hospedes_ID, FK_Servicos_ID) values (39, 1919, 119);
insert into Servicos_Consumidos (ID_Servico_Consumido, FK_Hospedes_ID, FK_Servicos_ID) values (40, 2020, 120);

insert into Avaliacoes (ID_Avaliacao, Avaliacao, Avaliador, FK_ID_Hospede) values (121, 7.0, 'Horton', 0101);
insert into Avaliacoes (ID_Avaliacao, Avaliacao, Avaliador, FK_ID_Hospede) values (122, 2.0, 'Barrett', 0202);
insert into Avaliacoes (ID_Avaliacao, Avaliacao, Avaliador, FK_ID_Hospede) values (123, 5.0, 'Antonius', 0303);
insert into Avaliacoes (ID_Avaliacao, Avaliacao, Avaliador, FK_ID_Hospede) values (124, 7.0, 'Denise', 0404);
insert into Avaliacoes (ID_Avaliacao, Avaliacao, Avaliador, FK_ID_Hospede) values (125, 8.9, 'Aguste', 0505);
insert into Avaliacoes (ID_Avaliacao, Avaliacao, Avaliador, FK_ID_Hospede) values (126, 8.8, 'Cory', 0606);
insert into Avaliacoes (ID_Avaliacao, Avaliacao, Avaliador, FK_ID_Hospede) values (127, 9.9, 'Brianna', 0707);
insert into Avaliacoes (ID_Avaliacao, Avaliacao, Avaliador, FK_ID_Hospede) values (128, 8.6, 'Amalle', 0808);
insert into Avaliacoes (ID_Avaliacao, Avaliacao, Avaliador, FK_ID_Hospede) values (129, 10.0, 'Kurtis', 0909);
insert into Avaliacoes (ID_Avaliacao, Avaliacao, Avaliador, FK_ID_Hospede) values (130, 10.0, 'Dunstan', 1010);
insert into Avaliacoes (ID_Avaliacao, Avaliacao, Avaliador, FK_ID_Hospede) values (131, 1.1, 'Pernell', 1111);
insert into Avaliacoes (ID_Avaliacao, Avaliacao, Avaliador, FK_ID_Hospede) values (132, 2.2, 'Lydon', 1212);
insert into Avaliacoes (ID_Avaliacao, Avaliacao, Avaliador, FK_ID_Hospede) values (133, 7.7, 'Gayler', 1313);
insert into Avaliacoes (ID_Avaliacao, Avaliacao, Avaliador, FK_ID_Hospede) values (134, 8.9, 'Park', 1414);
insert into Avaliacoes (ID_Avaliacao, Avaliacao, Avaliador, FK_ID_Hospede) values (135, 8.3, 'Barton', 1515);
insert into Avaliacoes (ID_Avaliacao, Avaliacao, Avaliador, FK_ID_Hospede) values (136, 6.0, 'Nicky', 1616);
insert into Avaliacoes (ID_Avaliacao, Avaliacao, Avaliador, FK_ID_Hospede) values (137, 7.0, 'Tiffany', 1717);
insert into Avaliacoes (ID_Avaliacao, Avaliacao, Avaliador, FK_ID_Hospede) values (138, 7.7, 'Lisle', 1818);
insert into Avaliacoes (ID_Avaliacao, Avaliacao, Avaliador, FK_ID_Hospede) values (139, 8.8, 'Kylynn', 1919);
insert into Avaliacoes (ID_Avaliacao, Avaliacao, Avaliador, FK_ID_Hospede) values (140, 10.0, 'Land', 2020);

insert into Espacos (ID_Espaco, Ocupante_Espaco, Check_In, Check_Out) values (141, 1, '2023-05-18', '2023-06-18');
insert into Espacos (ID_Espaco, Ocupante_Espaco, Check_In, Check_Out) values (142, 2, '2023-11-03', '2023-12-01');
insert into Espacos (ID_Espaco, Ocupante_Espaco, Check_In, Check_Out) values (143, 1, '2022-12-16', '2023-12-19');
insert into Espacos (ID_Espaco, Ocupante_Espaco, Check_In, Check_Out) values (144, 2, '2023-01-03', '2023-02-07');
insert into Espacos (ID_Espaco, Ocupante_Espaco, Check_In, Check_Out) values (145, 2, '2023-03-15', '2023-03-17');
insert into Espacos (ID_Espaco, Ocupante_Espaco, Check_In, Check_Out) values (146, 2, '2023-05-14', '2023-05-19');
insert into Espacos (ID_Espaco, Ocupante_Espaco, Check_In, Check_Out) values (147, 2, '2023-03-01', '2023-04-09');
insert into Espacos (ID_Espaco, Ocupante_Espaco, Check_In, Check_Out) values (148, 1, '2023-01-14', '2023-02-01');
insert into Espacos (ID_Espaco, Ocupante_Espaco, Check_In, Check_Out) values (149, 3, '2023-01-17', '2023-01-20');
insert into Espacos (ID_Espaco, Ocupante_Espaco, Check_In, Check_Out) values (150, 1, '2023-02-24', '2023-03-01');
insert into Espacos (ID_Espaco, Ocupante_Espaco, Check_In, Check_Out) values (151, 1, '2023-03-11', '2022-03-17');
insert into Espacos (ID_Espaco, Ocupante_Espaco, Check_In, Check_Out) values (152, 2, '2023-04-15', '2023-04-19');
insert into Espacos (ID_Espaco, Ocupante_Espaco, Check_In, Check_Out) values (153, 3, '2023-01-16', '2023-01-18');
insert into Espacos (ID_Espaco, Ocupante_Espaco, Check_In, Check_Out) values (154, 2, '2023-05-02', '2023-05-05');
insert into Espacos (ID_Espaco, Ocupante_Espaco, Check_In, Check_Out) values (155, 1, '2022-11-13', '2023-11-16');
insert into Espacos (ID_Espaco, Ocupante_Espaco, Check_In, Check_Out) values (156, 1, '2022-10-01', '2023-10-05');
insert into Espacos (ID_Espaco, Ocupante_Espaco, Check_In, Check_Out) values (157, 2, '2022-09-01', '2023-09-07');
insert into Espacos (ID_Espaco, Ocupante_Espaco, Check_In, Check_Out) values (158, 1, '2023-02-01', '2023-02-04');
insert into Espacos (ID_Espaco, Ocupante_Espaco, Check_In, Check_Out) values (159, 1, '2023-03-02', '2023-03-10');
insert into Espacos (ID_Espaco, Ocupante_Espaco, Check_In, Check_Out) values (160, 2, '2023-02-10', '2023-02-15');

insert into Espacos (ID_Espaco, Ocupante_Espaco, Check_In, Check_Out) values (161, 0, '0001-01-01', '0001-01-01');
insert into Espacos (ID_Espaco, Ocupante_Espaco, Check_In, Check_Out) values (162, 0, '0001-01-01', '0001-01-01');
insert into Espacos (ID_Espaco, Ocupante_Espaco, Check_In, Check_Out) values (163, 0, '0001-01-01', '0001-01-01');
insert into Espacos (ID_Espaco, Ocupante_Espaco, Check_In, Check_Out) values (164, 0, '0001-01-01', '0001-01-01');
insert into Espacos (ID_Espaco, Ocupante_Espaco, Check_In, Check_Out) values (165, 0, '0001-01-01', '0001-01-01');
insert into Espacos (ID_Espaco, Ocupante_Espaco, Check_In, Check_Out) values (166, 0, '0001-01-01', '0001-01-01');
insert into Espacos (ID_Espaco, Ocupante_Espaco, Check_In, Check_Out) values (167, 0, '0001-01-01', '0001-01-01');
insert into Espacos (ID_Espaco, Ocupante_Espaco, Check_In, Check_Out) values (168, 0, '0001-01-01', '0001-01-01');
insert into Espacos (ID_Espaco, Ocupante_Espaco, Check_In, Check_Out) values (169, 0, '0001-01-01', '0001-01-01');
insert into Espacos (ID_Espaco, Ocupante_Espaco, Check_In, Check_Out) values (170, 0, '0001-01-01', '0001-01-01');
insert into Espacos (ID_Espaco, Ocupante_Espaco, Check_In, Check_Out) values (171, 0, '0001-01-01', '0001-01-01');
insert into Espacos (ID_Espaco, Ocupante_Espaco, Check_In, Check_Out) values (172, 0, '0001-01-01', '0001-01-01');
insert into Espacos (ID_Espaco, Ocupante_Espaco, Check_In, Check_Out) values (173, 0, '0001-01-01', '0001-01-01');
insert into Espacos (ID_Espaco, Ocupante_Espaco, Check_In, Check_Out) values (174, 0, '0001-01-01', '0001-01-01');
insert into Espacos (ID_Espaco, Ocupante_Espaco, Check_In, Check_Out) values (175, 0, '0001-01-01', '0001-01-01');
insert into Espacos (ID_Espaco, Ocupante_Espaco, Check_In, Check_Out) values (176, 0, '0001-01-01', '0001-01-01');
insert into Espacos (ID_Espaco, Ocupante_Espaco, Check_In, Check_Out) values (177, 0, '0001-01-01', '0001-01-01');
insert into Espacos (ID_Espaco, Ocupante_Espaco, Check_In, Check_Out) values (178, 0, '0001-01-01', '0001-01-01');
insert into Espacos (ID_Espaco, Ocupante_Espaco, Check_In, Check_Out) values (179, 0, '0001-01-01', '0001-01-01');
insert into Espacos (ID_Espaco, Ocupante_Espaco, Check_In, Check_Out) values (180, 0, '0001-01-01', '0001-01-01');

insert into Espacos (ID_Espaco, Ocupante_Espaco, Check_In, Check_Out) values (181, 0, '0001-01-01', '0001-01-01');
insert into Espacos (ID_Espaco, Ocupante_Espaco, Check_In, Check_Out) values (182, 0, '0001-01-01', '0001-01-01');
insert into Espacos (ID_Espaco, Ocupante_Espaco, Check_In, Check_Out) values (183, 0, '0001-01-01', '0001-01-01');
insert into Espacos (ID_Espaco, Ocupante_Espaco, Check_In, Check_Out) values (184, 0, '0001-01-01', '0001-01-01');
insert into Espacos (ID_Espaco, Ocupante_Espaco, Check_In, Check_Out) values (185, 0, '0001-01-01', '0001-01-01');
insert into Espacos (ID_Espaco, Ocupante_Espaco, Check_In, Check_Out) values (186, 0, '0001-01-01', '0001-01-01');
insert into Espacos (ID_Espaco, Ocupante_Espaco, Check_In, Check_Out) values (187, 0, '0001-01-01', '0001-01-01');
insert into Espacos (ID_Espaco, Ocupante_Espaco, Check_In, Check_Out) values (188, 0, '0001-01-01', '0001-01-01');
insert into Espacos (ID_Espaco, Ocupante_Espaco, Check_In, Check_Out) values (189, 0, '0001-01-01', '0001-01-01');
insert into Espacos (ID_Espaco, Ocupante_Espaco, Check_In, Check_Out) values (190, 0, '0001-01-01', '0001-01-01');
insert into Espacos (ID_Espaco, Ocupante_Espaco, Check_In, Check_Out) values (191, 0, '0001-01-01', '0001-01-01');
insert into Espacos (ID_Espaco, Ocupante_Espaco, Check_In, Check_Out) values (192, 0, '0001-01-01', '0001-01-01');
insert into Espacos (ID_Espaco, Ocupante_Espaco, Check_In, Check_Out) values (193, 0, '0001-01-01', '0001-01-01');
insert into Espacos (ID_Espaco, Ocupante_Espaco, Check_In, Check_Out) values (194, 0, '0001-01-01', '0001-01-01');
insert into Espacos (ID_Espaco, Ocupante_Espaco, Check_In, Check_Out) values (195, 0, '0001-01-01', '0001-01-01');
insert into Espacos (ID_Espaco, Ocupante_Espaco, Check_In, Check_Out) values (196, 0, '0001-01-01', '0001-01-01');
insert into Espacos (ID_Espaco, Ocupante_Espaco, Check_In, Check_Out) values (197, 0, '0001-01-01', '0001-01-01');
insert into Espacos (ID_Espaco, Ocupante_Espaco, Check_In, Check_Out) values (198, 0, '0001-01-01', '0001-01-01');
insert into Espacos (ID_Espaco, Ocupante_Espaco, Check_In, Check_Out) values (199, 0, '0001-01-01', '0001-01-01');
insert into Espacos (ID_Espaco, Ocupante_Espaco, Check_In, Check_Out) values (200, 0, '0001-01-01', '0001-01-01');

insert into Espacos_Reservados (ID_Espaco_Reservado, FK_ID_Espaco, FK_ID_Hospede) values (11111, 141, 0101);
insert into Espacos_Reservados (ID_Espaco_Reservado, FK_ID_Espaco, FK_ID_Hospede) values (11112, 142, 0202);
insert into Espacos_Reservados (ID_Espaco_Reservado, FK_ID_Espaco, FK_ID_Hospede) values (11113, 143, 0303);
insert into Espacos_Reservados (ID_Espaco_Reservado, FK_ID_Espaco, FK_ID_Hospede) values (11114, 144, 0404);
insert into Espacos_Reservados (ID_Espaco_Reservado, FK_ID_Espaco, FK_ID_Hospede) values (11115, 145, 0505);
insert into Espacos_Reservados (ID_Espaco_Reservado, FK_ID_Espaco, FK_ID_Hospede) values (11116, 146, 0606);
insert into Espacos_Reservados (ID_Espaco_Reservado, FK_ID_Espaco, FK_ID_Hospede) values (11117, 147, 0707);
insert into Espacos_Reservados (ID_Espaco_Reservado, FK_ID_Espaco, FK_ID_Hospede) values (11118, 148, 0808);
insert into Espacos_Reservados (ID_Espaco_Reservado, FK_ID_Espaco, FK_ID_Hospede) values (11119, 149, 0909);
insert into Espacos_Reservados (ID_Espaco_Reservado, FK_ID_Espaco, FK_ID_Hospede) values (11120, 150, 1010);
insert into Espacos_Reservados (ID_Espaco_Reservado, FK_ID_Espaco, FK_ID_Hospede) values (11121, 151, 1111);
insert into Espacos_Reservados (ID_Espaco_Reservado, FK_ID_Espaco, FK_ID_Hospede) values (11122, 152, 1212);
insert into Espacos_Reservados (ID_Espaco_Reservado, FK_ID_Espaco, FK_ID_Hospede) values (11123, 153, 1313);
insert into Espacos_Reservados (ID_Espaco_Reservado, FK_ID_Espaco, FK_ID_Hospede) values (11124, 154, 1414);
insert into Espacos_Reservados (ID_Espaco_Reservado, FK_ID_Espaco, FK_ID_Hospede) values (11125, 155, 1515);
insert into Espacos_Reservados (ID_Espaco_Reservado, FK_ID_Espaco, FK_ID_Hospede) values (11126, 156, 1616);
insert into Espacos_Reservados (ID_Espaco_Reservado, FK_ID_Espaco, FK_ID_Hospede) values (11127, 157, 1717);
insert into Espacos_Reservados (ID_Espaco_Reservado, FK_ID_Espaco, FK_ID_Hospede) values (11128, 158, 1818);
insert into Espacos_Reservados (ID_Espaco_Reservado, FK_ID_Espaco, FK_ID_Hospede) values (11129, 159, 1919);
insert into Espacos_Reservados (ID_Espaco_Reservado, FK_ID_Espaco, FK_ID_Hospede) values (11130, 160, 2020);

insert into Quartos (ID_Quarto, Tipo_Quarto, Preco_Diaria, Dispo_Quarto, Cap_max, FK_ID_Espaco) values (81, 'Solteiro', 4099427424.22, false, 1, 141);
insert into Quartos (ID_Quarto, Tipo_Quarto, Preco_Diaria, Dispo_Quarto, Cap_max, FK_ID_Espaco) values (82, 'Suíte', 8174618376.73, true, 2, 142);
insert into Quartos (ID_Quarto, Tipo_Quarto, Preco_Diaria, Dispo_Quarto, Cap_max, FK_ID_Espaco) values (83, 'Cama Dupla', 3440196511.28, true, 4, 143);
insert into Quartos (ID_Quarto, Tipo_Quarto, Preco_Diaria, Dispo_Quarto, Cap_max, FK_ID_Espaco) values (84, 'Cama Dupla', 6803365501.62, true, 4, 144);
insert into Quartos (ID_Quarto, Tipo_Quarto, Preco_Diaria, Dispo_Quarto, Cap_max, FK_ID_Espaco) values (85, 'Cama Dupla', 5808994985.61, false, 4, 145);
insert into Quartos (ID_Quarto, Tipo_Quarto, Preco_Diaria, Dispo_Quarto, Cap_max, FK_ID_Espaco) values (86, 'Cama Dupla', 5706131096.03, false, 4, 146);
insert into Quartos (ID_Quarto, Tipo_Quarto, Preco_Diaria, Dispo_Quarto, Cap_max, FK_ID_Espaco) values (87, 'Suíte', 4867550475.94, false, 2, 147);
insert into Quartos (ID_Quarto, Tipo_Quarto, Preco_Diaria, Dispo_Quarto, Cap_max, FK_ID_Espaco) values (88, 'Suíte', 1088227692.06, false, 2, 148);
insert into Quartos (ID_Quarto, Tipo_Quarto, Preco_Diaria, Dispo_Quarto, Cap_max, FK_ID_Espaco) values (89, 'Cama Dupla', 2388249698.15, true, 4, 149);
insert into Quartos (ID_Quarto, Tipo_Quarto, Preco_Diaria, Dispo_Quarto, Cap_max, FK_ID_Espaco) values (90, 'Solteiro', 393493386.23, true, 1, 150);
insert into Quartos (ID_Quarto, Tipo_Quarto, Preco_Diaria, Dispo_Quarto, Cap_max, FK_ID_Espaco) values (91, 'Solteiro', 8015993029.39, false, 1, 151);
insert into Quartos (ID_Quarto, Tipo_Quarto, Preco_Diaria, Dispo_Quarto, Cap_max, FK_ID_Espaco) values (92, 'Cama Dupla', 6177861157.81, false, 4, 152);
insert into Quartos (ID_Quarto, Tipo_Quarto, Preco_Diaria, Dispo_Quarto, Cap_max, FK_ID_Espaco) values (93, 'Cama Dupla', 7330932083.33, false, 4, 153);
insert into Quartos (ID_Quarto, Tipo_Quarto, Preco_Diaria, Dispo_Quarto, Cap_max, FK_ID_Espaco) values (94, 'Suíte', 6314751111.59, true, 2, 154);
insert into Quartos (ID_Quarto, Tipo_Quarto, Preco_Diaria, Dispo_Quarto, Cap_max, FK_ID_Espaco) values (95, 'Solteiro', 750962244.65, false, 1, 155);
insert into Quartos (ID_Quarto, Tipo_Quarto, Preco_Diaria, Dispo_Quarto, Cap_max, FK_ID_Espaco) values (96, 'Solteiro', 529583171.98, false, 1, 156);
insert into Quartos (ID_Quarto, Tipo_Quarto, Preco_Diaria, Dispo_Quarto, Cap_max, FK_ID_Espaco) values (97, 'Cama Dupla', 490544772.94, true, 4, 157);
insert into Quartos (ID_Quarto, Tipo_Quarto, Preco_Diaria, Dispo_Quarto, Cap_max, FK_ID_Espaco) values (98, 'Suíte', 8261645856.87, true, 2, 158);
insert into Quartos (ID_Quarto, Tipo_Quarto, Preco_Diaria, Dispo_Quarto, Cap_max, FK_ID_Espaco) values (99, 'Solteiro', 4504021984.02, false, 1, 159);
insert into Quartos (ID_Quarto, Tipo_Quarto, Preco_Diaria, Dispo_Quarto, Cap_max, FK_ID_Espaco) values (100, 'Suíte', 7209148493.83, false, 2, 160);

insert into Computadores (ID_PC, Num_PC, Temp_Alugado, FK_ID_Espaco) values (41, 1, 1, 161);
insert into Computadores (ID_PC, Num_PC, Temp_Alugado, FK_ID_Espaco) values (42, 2, 2, 162);
insert into Computadores (ID_PC, Num_PC, Temp_Alugado, FK_ID_Espaco) values (43, 3, 3, 163);
insert into Computadores (ID_PC, Num_PC, Temp_Alugado, FK_ID_Espaco) values (44, 4, 4, 164);
insert into Computadores (ID_PC, Num_PC, Temp_Alugado, FK_ID_Espaco) values (45, 5, 5, 165);
insert into Computadores (ID_PC, Num_PC, Temp_Alugado, FK_ID_Espaco) values (46, 6, 6, 166);
insert into Computadores (ID_PC, Num_PC, Temp_Alugado, FK_ID_Espaco) values (47, 7, 7, 167);
insert into Computadores (ID_PC, Num_PC, Temp_Alugado, FK_ID_Espaco) values (48, 8, 8, 168);
insert into Computadores (ID_PC, Num_PC, Temp_Alugado, FK_ID_Espaco) values (49, 9, 9, 169);
insert into Computadores (ID_PC, Num_PC, Temp_Alugado, FK_ID_Espaco) values (50, 10, 10, 170);
insert into Computadores (ID_PC, Num_PC, Temp_Alugado, FK_ID_Espaco) values (51, 11, 11, 171);
insert into Computadores (ID_PC, Num_PC, Temp_Alugado, FK_ID_Espaco) values (52, 12, 12, 172);
insert into Computadores (ID_PC, Num_PC, Temp_Alugado, FK_ID_Espaco) values (53, 13, 13, 173);
insert into Computadores (ID_PC, Num_PC, Temp_Alugado, FK_ID_Espaco) values (54, 14, 14, 174);
insert into Computadores (ID_PC, Num_PC, Temp_Alugado, FK_ID_Espaco) values (55, 15, 15, 175);
insert into Computadores (ID_PC, Num_PC, Temp_Alugado, FK_ID_Espaco) values (56, 16, 16, 176);
insert into Computadores (ID_PC, Num_PC, Temp_Alugado, FK_ID_Espaco) values (57, 17, 17, 177);
insert into Computadores (ID_PC, Num_PC, Temp_Alugado, FK_ID_Espaco) values (58, 18, 18, 178);
insert into Computadores (ID_PC, Num_PC, Temp_Alugado, FK_ID_Espaco) values (59, 19, 19, 179);
insert into Computadores (ID_PC, Num_PC, Temp_Alugado, FK_ID_Espaco) values (60, 20, 20, 180);

insert into Sala_Reunioes (ID_Sala, Disp_Sala, Temp_Alugado, Cap_Max, FK_ID_Espaco) values (61, false, 80, 4, 181);
insert into Sala_Reunioes (ID_Sala, Disp_Sala, Temp_Alugado, Cap_Max, FK_ID_Espaco) values (62, false, 90, 8, 182);
insert into Sala_Reunioes (ID_Sala, Disp_Sala, Temp_Alugado, Cap_Max, FK_ID_Espaco) values (63, true, 60, 6, 183);
insert into Sala_Reunioes (ID_Sala, Disp_Sala, Temp_Alugado, Cap_Max, FK_ID_Espaco) values (64, false, 70, 4, 184);
insert into Sala_Reunioes (ID_Sala, Disp_Sala, Temp_Alugado, Cap_Max, FK_ID_Espaco) values (65, false, 100, 6, 185);
insert into Sala_Reunioes (ID_Sala, Disp_Sala, Temp_Alugado, Cap_Max, FK_ID_Espaco) values (66, false, 60, 6, 186);
insert into Sala_Reunioes (ID_Sala, Disp_Sala, Temp_Alugado, Cap_Max, FK_ID_Espaco) values (67, false, 70, 10, 187);
insert into Sala_Reunioes (ID_Sala, Disp_Sala, Temp_Alugado, Cap_Max, FK_ID_Espaco) values (68, true, 90, 8, 188);
insert into Sala_Reunioes (ID_Sala, Disp_Sala, Temp_Alugado, Cap_Max, FK_ID_Espaco) values (69, true, 60, 6, 189);
insert into Sala_Reunioes (ID_Sala, Disp_Sala, Temp_Alugado, Cap_Max, FK_ID_Espaco) values (70, true, 100, 10, 190);
insert into Sala_Reunioes (ID_Sala, Disp_Sala, Temp_Alugado, Cap_Max, FK_ID_Espaco) values (71, false, 100, 8, 191);
insert into Sala_Reunioes (ID_Sala, Disp_Sala, Temp_Alugado, Cap_Max, FK_ID_Espaco) values (72, true, 100, 8, 192);
insert into Sala_Reunioes (ID_Sala, Disp_Sala, Temp_Alugado, Cap_Max, FK_ID_Espaco) values (73, true, 60, 10, 193);
insert into Sala_Reunioes (ID_Sala, Disp_Sala, Temp_Alugado, Cap_Max, FK_ID_Espaco) values (74, false, 70, 4, 194);
insert into Sala_Reunioes (ID_Sala, Disp_Sala, Temp_Alugado, Cap_Max, FK_ID_Espaco) values (75, false, 90, 4, 195);
insert into Sala_Reunioes (ID_Sala, Disp_Sala, Temp_Alugado, Cap_Max, FK_ID_Espaco) values (76, false, 100, 10, 196);
insert into Sala_Reunioes (ID_Sala, Disp_Sala, Temp_Alugado, Cap_Max, FK_ID_Espaco) values (77, false, 70, 10, 197);
insert into Sala_Reunioes (ID_Sala, Disp_Sala, Temp_Alugado, Cap_Max, FK_ID_Espaco) values (78, true, 60, 4, 198);
insert into Sala_Reunioes (ID_Sala, Disp_Sala, Temp_Alugado, Cap_Max, FK_ID_Espaco) values (79, true, 90, 6, 199);
insert into Sala_Reunioes (ID_Sala, Disp_Sala, Temp_Alugado, Cap_Max, FK_ID_Espaco) values (80, false, 60, 8, 200);

/* Select Counts */

SELECT COUNT(*) FROM Info_Login;
SELECT COUNT(*) FROM Hospedes;
SELECT COUNT(*) FROM Servicos;
SELECT COUNT(*) FROM Servicos_Consumidos;
SELECT COUNT(*) FROM Avaliacoes;
SELECT COUNT(*) FROM Espacos;
SELECT COUNT(*) FROM Quartos;
SELECT COUNT(*) FROM Computadores;
SELECT COUNT(*) FROM Sala_Reunioes;

/* Selects ALL */

Select * FROM Info_Login;
Select * FROM Hospedes;
Select * FROM Servicos;
Select * FROM Servicos_Consumidos;
Select * FROM Avaliacoes;
Select * FROM Espacos;
Select * FROM Quartos;
Select * FROM Computadores;
Select * FROM Sala_Reunioes;

/* Selects Inner Join */

SELECT * FROM Hospedes INNER JOIN Info_Login ON Hospedes.fk_id_usuario = Info_login.ID_usuario;
SELECT * FROM Servicos_Consumidos INNER JOIN Servicos ON Servicos_Consumidos.FK_Servicos_ID = Servicos.ID_Servico INNER JOIN Hospedes ON Servicos_Consumidos.FK_Hospedes_ID = Hospedes.ID_Hospede;
SELECT * FROM Avaliacoes INNER JOIN Hospedes ON Avaliacoes.FK_ID_Hospede = Hospedes.ID_Hospede;
SELECT * FROM Espacos_Reservados INNER JOIN Espacos ON Espacos_Reservados.FK_ID_Espaco = Espacos.ID_Espaco INNER JOIN Hospedes ON Espacos_Reservados.FK_ID_Hospede = Hospedes.ID_Hospede;
SELECT * FROM Quartos INNER JOIN Espacos ON Quartos.FK_ID_Espaco = Espacos.ID_Espaco;
SELECT * FROM Computadores INNER JOIN Espacos ON Computadores.FK_ID_Espaco = Espacos.ID_Espaco;

update Info_Login set Login = 'Kaua', Senha = 12783734 where ID_usuario in (1);
update Info_Login set Login = 'Zed', Senha = 724587453 where ID_usuario in (2);
update Info_Login set Login = 'Leoncio', Senha = 7367344 where ID_usuario in (3);
update Info_Login set Login = 'Kayn', Senha =7834578  where ID_usuario in (4);
update Info_Login set Login = 'Reyna', Senha = 9053498 where ID_usuario in (5);
update Info_Login set Login = 'Jett', Senha = 89045978 where ID_usuario in (6);
update Info_Login set Login = 'Gojo', Senha = 9783457892 where ID_usuario in (7);
update Info_Login set Login = 'Ippo', Senha =789345789 where ID_usuario in (8);
update Info_Login set Login = 'Takamura', Senha =796345786 where ID_usuario in (9);
update Info_Login set Login = 'Aoki', Senha = 897239 where ID_usuario in (10);

update Hospedes set Nome_Hospede='Gustavo',sobrenome_hospede='Henrique',nascimento_hospede='1999-10-21',telefone_hospede='672-645-9328',email_hospede='gtole@desev.cn' where ID_Hospede=0101;
update Hospedes set Nome_Hospede='Natanel',sobrenome_hospede='Louris',nascimento_hospede='1997-02-21',telefone_hospede='452-234-5658',email_hospede='nafae@netvibes.com' where ID_Hospede=0202;
update Hospedes set Nome_Hospede='Milane',sobrenome_hospede='Brixton',nascimento_hospede='2000-05-01',telefone_hospede='252-234-8822',email_hospede='mlaafe@nox.com' where ID_Hospede=0303;
update Hospedes set Nome_Hospede='Bruce',sobrenome_hospede='Wayne',nascimento_hospede='2001-03-30',telefone_hospede='332-251-2561',email_hospede='wayneinterprises@gotham.com' where ID_Hospede=0404;
update Hospedes set Nome_Hospede='Chuck',sobrenome_hospede='Grayson',nascimento_hospede='2002-02-21',telefone_hospede='572-344-4998',email_hospede='afe@lonh.com' where ID_Hospede=0505;
update Hospedes set Nome_Hospede='Samara',sobrenome_hospede='Kusil',nascimento_hospede='1996-12-25',telefone_hospede='689-155-5881',email_hospede='zeile@hmail.cn' where ID_Hospede=0606;
update Hospedes set Nome_Hospede='Camilla',sobrenome_hospede='Medeiros',nascimento_hospede='1979-08-17',telefone_hospede='822-821-9243',email_hospede='karle@hoyl.cn' where ID_Hospede=0707;
update Hospedes set Nome_Hospede='Venvace',sobrenome_hospede='Ben',nascimento_hospede='1959-09-15',telefone_hospede='722-764-8422',email_hospede='robsle@batmin.com' where ID_Hospede=0808;
update Hospedes set Nome_Hospede='Jose',sobrenome_hospede='Martins',nascimento_hospede='1988-11-30',telefone_hospede='952-534-9850',email_hospede='nozlx@fazl.cn' where ID_Hospede=0909;
update Hospedes set Nome_Hospede='Jonas',sobrenome_hospede='Oliveira',nascimento_hospede='1992-09-01',telefone_hospede='152-234-2655',email_hospede='jonasrl@brasil.com' where ID_Hospede=1010;

update Espacos_Reservados set FK_ID_Espaco = 141, FK_ID_Hospede = 0101 where ID_Espaco_Reservado = 11111;
update Espacos_Reservados set FK_ID_Espaco = 142, FK_ID_Hospede = 0202 where ID_Espaco_Reservado = 11112;
update Espacos_Reservados set FK_ID_Espaco = 143, FK_ID_Hospede = 0303 where ID_Espaco_Reservado = 11113;
update Espacos_Reservados set FK_ID_Espaco = 144, FK_ID_Hospede = 0404 where ID_Espaco_Reservado = 11114;
update Espacos_Reservados set FK_ID_Espaco = 145, FK_ID_Hospede = 0505 where ID_Espaco_Reservado = 11115;
update Espacos_Reservados set FK_ID_Espaco = 146, FK_ID_Hospede = 0606 where ID_Espaco_Reservado = 11116;
update Espacos_Reservados set FK_ID_Espaco = 147, FK_ID_Hospede = 0707 where ID_Espaco_Reservado = 11117;
update Espacos_Reservados set FK_ID_Espaco = 148, FK_ID_Hospede = 0808 where ID_Espaco_Reservado = 11118;
update Espacos_Reservados set FK_ID_Espaco = 149, FK_ID_Hospede = 0909 where ID_Espaco_Reservado = 11119;
update Espacos_Reservados set FK_ID_Espaco = 150, FK_ID_Hospede = 1010 where ID_Espaco_Reservado = 11120;

update Espacos set Ocupante_Espaco =1, Check_In ='2023-10-21', Check_Out ='2023-10-24' where ID_Espaco=141;
update Espacos set Ocupante_Espaco =1, Check_In ='2023-01-21', Check_Out ='2023-01-23' where ID_Espaco=142;
update Espacos set Ocupante_Espaco =1, Check_In ='2023-02-01', Check_Out ='2023-02-05' where ID_Espaco=143;
update Espacos set Ocupante_Espaco =2, Check_In ='2023-05-22', Check_Out ='2023-05-26' where ID_Espaco=144;
update Espacos set Ocupante_Espaco =1, Check_In ='2023-05-21', Check_Out ='2023-05-24' where ID_Espaco=145;
update Espacos set Ocupante_Espaco =1, Check_In ='2023-11-13', Check_Out ='2023-11-18' where ID_Espaco=146;
update Espacos set Ocupante_Espaco =1, Check_In ='2023-03-01', Check_Out ='2023-03-07' where ID_Espaco=147;
update Espacos set Ocupante_Espaco =1, Check_In ='2023-06-20', Check_Out ='2023-06-24' where ID_Espaco=148;
update Espacos set Ocupante_Espaco =2, Check_In ='2023-01-21', Check_Out ='2023-10-24' where ID_Espaco=149;
update Espacos set Ocupante_Espaco =1, Check_In ='2023-02-21', Check_Out ='2023-10-24' where ID_Espaco=150;

update Quartos set Tipo_Quarto ='Suíte', Preco_Diaria =9999999999.99, Dispo_Quarto =true,  Cap_max =2 where ID_Quarto=81;
update Quartos set Tipo_Quarto ='Cama Dupla', Preco_Diaria =9999999999.99, Dispo_Quarto =false,  Cap_max =4 where ID_Quarto=82;
update Quartos set Tipo_Quarto ='Solteiro', Preco_Diaria =9999999999.99, Dispo_Quarto =false,  Cap_max =1 where ID_Quarto=83;
update Quartos set Tipo_Quarto ='Cama Dupla', Preco_Diaria =9999999999.99, Dispo_Quarto =true,  Cap_max =4 where ID_Quarto=84;
update Quartos set Tipo_Quarto ='Suíte', Preco_Diaria =9999999999.99, Dispo_Quarto =false,  Cap_max =2 where ID_Quarto=85;
update Quartos set Tipo_Quarto ='Solteiro', Preco_Diaria =9999999999.99, Dispo_Quarto =true,  Cap_max =1 where ID_Quarto=86;
update Quartos set Tipo_Quarto ='Cama Dupla', Preco_Diaria =9999999999.99, Dispo_Quarto =false,  Cap_max =4 where ID_Quarto=87;
update Quartos set Tipo_Quarto ='Suíte', Preco_Diaria =9999999999.99, Dispo_Quarto =true,  Cap_max =2 where ID_Quarto=88;
update Quartos set Tipo_Quarto ='Solteiro', Preco_Diaria =9999999999.99, Dispo_Quarto =true,  Cap_max =1 where ID_Quarto=89;
update Quartos set Tipo_Quarto ='Suíte', Preco_Diaria =9999999999.99, Dispo_Quarto =false,  Cap_max =2 where ID_Quarto=90;

update Sala_Reunioes set Disp_Sala =true, Cap_Max =8 where ID_Sala=191;
update Sala_Reunioes set Disp_Sala =false, Cap_Max =10 where ID_Sala=192;
update Sala_Reunioes set Disp_Sala =false, Cap_Max =8 where ID_Sala=193;
update Sala_Reunioes set Disp_Sala =true, Cap_Max =6 where ID_Sala=194;
update Sala_Reunioes set Disp_Sala =true, Cap_Max =6 where ID_Sala=195;
update Sala_Reunioes set Disp_Sala =true, Cap_Max =8 where ID_Sala=196;
update Sala_Reunioes set Disp_Sala =true, Cap_Max =8 where ID_Sala=197;
update Sala_Reunioes set Disp_Sala =false, Cap_Max =6 where ID_Sala=198;
update Sala_Reunioes set Disp_Sala =false, Cap_Max =8 where ID_Sala=199;
update Sala_Reunioes set Disp_Sala =true, Cap_Max =10 where ID_Sala=200;

update Servicos set Pag_Efetuado =  true, Preco_Servico = 79.99, Nome_Servico = 'Frigobar1'  where  ID_Servico in (101);
update Servicos set Pag_Efetuado =  false, Preco_Servico = 149.99, Nome_Servico = 'Frigobar2'  where  ID_Servico in (102);
update Servicos set Pag_Efetuado =  true, Preco_Servico = 299.99, Nome_Servico = 'Frigobar3'  where  ID_Servico in (103);
update Servicos set Pag_Efetuado =  false, Preco_Servico = 35.99 , Nome_Servico = 'Reposição1'  where  ID_Servico in (104);
update Servicos set Pag_Efetuado =  true, Preco_Servico = 55.99, Nome_Servico = 'Reposição2'  where  ID_Servico in (105);
update Servicos set Pag_Efetuado =  true, Preco_Servico = 125.99, Nome_Servico = 'Reposição3'  where  ID_Servico in (106);
update Servicos set Pag_Efetuado =  false, Preco_Servico = 39.99, Nome_Servico = 'Café da manhã'  where  ID_Servico in (107);
update Servicos set Pag_Efetuado =  false, Preco_Servico = 40.99, Nome_Servico = 'Almoço'  where  ID_Servico in (108);
update Servicos set Pag_Efetuado =  true, Preco_Servico = 40.99, Nome_Servico = 'Jantar'  where  ID_Servico in (109);
update Servicos set Pag_Efetuado =  false, Preco_Servico = 25.99, Nome_Servico = 'Espumante Salton Brut' where  ID_Servico in (110);

update Servicos_Consumidos set FK_Hospedes_ID = 0101,   FK_Servicos_ID = 101 where ID_Servico_Consumido = 21;
update Servicos_Consumidos set FK_Hospedes_ID = 0202,   FK_Servicos_ID = 102 where ID_Servico_Consumido = 22;
update Servicos_Consumidos set FK_Hospedes_ID = 0303,   FK_Servicos_ID = 103 where ID_Servico_Consumido = 23;
update Servicos_Consumidos set FK_Hospedes_ID = 0404,   FK_Servicos_ID = 104 where ID_Servico_Consumido = 24;
update Servicos_Consumidos set FK_Hospedes_ID = 0505,   FK_Servicos_ID = 105 where ID_Servico_Consumido = 25;
update Servicos_Consumidos set FK_Hospedes_ID = 0606,   FK_Servicos_ID = 106 where ID_Servico_Consumido = 26;
update Servicos_Consumidos set FK_Hospedes_ID = 0707,   FK_Servicos_ID = 107 where ID_Servico_Consumido = 27;
update Servicos_Consumidos set FK_Hospedes_ID = 0808,   FK_Servicos_ID = 108 where ID_Servico_Consumido = 28;
update Servicos_Consumidos set FK_Hospedes_ID = 0909,   FK_Servicos_ID = 109 where ID_Servico_Consumido = 29;
update Servicos_Consumidos set FK_Hospedes_ID = 1010,  FK_Servicos_ID = 110 where ID_Servico_Consumido = 30;

update Avaliacoes set Avaliacao=8.2,Avaliador='Gustavo' where ID_Avaliacao=121;
update Avaliacoes set Avaliacao=8.0,Avaliador='Natanel' where ID_Avaliacao=122;
update Avaliacoes set Avaliacao=6.5,Avaliador='Milane' where ID_Avaliacao=123;
update Avaliacoes set Avaliacao=5.0,Avaliador='Bruce' where ID_Avaliacao=124;
update Avaliacoes set Avaliacao=9.1,Avaliador='Chuck' where ID_Avaliacao=125;
update Avaliacoes set Avaliacao=8.6,Avaliador='Samara' where ID_Avaliacao=126;
update Avaliacoes set Avaliacao=10.0,Avaliador='Camilla' where ID_Avaliacao=127;
update Avaliacoes set Avaliacao=7.1,Avaliador='Venvace' where ID_Avaliacao=128;
update Avaliacoes set Avaliacao=9.8,Avaliador='Jose' where ID_Avaliacao=129;
update Avaliacoes set Avaliacao=9.2,Avaliador='Jonas' where ID_Avaliacao=130;

update Computadores set Temp_Alugado = 5 where ID_PC in (41);
update Computadores set Temp_Alugado = 10 where ID_PC in (42);
update Computadores set Temp_Alugado = 8 where ID_PC in (43);
update Computadores set Temp_Alugado = 7 where ID_PC in (44);
update Computadores set Temp_Alugado = 12 where ID_PC in (45);
update Computadores set Temp_Alugado = 15 where ID_PC in (46);
update Computadores set Temp_Alugado = 1 where ID_PC in (47);
update Computadores set Temp_Alugado = 11 where ID_PC in (48);
update Computadores set Temp_Alugado = 6 where ID_PC in (49);
update Computadores set Temp_Alugado = 17 where ID_PC in (50);

SET foreign_key_checks = 0;
delete from Info_Login where ID_usuario=1;
delete from Info_Login where ID_usuario=2;
delete from Info_Login where ID_usuario=3;
delete from Info_Login where ID_usuario=4;
delete from Info_Login where ID_usuario=5;

delete from Hospedes where ID_Hospede=1616;
delete from Hospedes where ID_Hospede=1717;
delete from Hospedes where ID_Hospede=1818;
delete from Hospedes where ID_Hospede=1919;
delete from Hospedes where ID_Hospede=2020;

delete from Espacos_Reservados where ID_Espaco_reservado=11126;
delete from Espacos_Reservados where ID_Espaco_reservado=11127;
delete from Espacos_Reservados where ID_Espaco_reservado=11128;
delete from Espacos_Reservados where ID_Espaco_reservado=11129;
delete from Espacos_Reservados where ID_Espaco_reservado=11130;

delete from Espacos where ID_Espaco=11126;
delete from Espacos where ID_Espaco=11127;
delete from Espacos where ID_Espaco=11128;
delete from Espacos where ID_Espaco=11129;
delete from Espacos where ID_Espaco=11130;

delete from Quartos where ID_Quarto=156;
delete from Quartos where ID_Quarto=157;
delete from Quartos where ID_Quarto=158;
delete from Quartos where ID_Quarto=159;
delete from Quartos where ID_Quarto=160;

delete from Sala_Reunioes where ID_Sala=196;
delete from Sala_Reunioes where ID_Sala=197;
delete from Sala_Reunioes where ID_Sala=198;
delete from Sala_Reunioes where ID_Sala=199;
delete from Sala_Reunioes where ID_Sala=200;

delete from Servicos where ID_Servico = 101;
delete from Servicos where ID_Servico = 102;
delete from Servicos where ID_Servico = 103;
delete from Servicos where ID_Servico = 104;
delete from Servicos where ID_Servico = 105;

delete from Servicos_Consumidos where ID_Servico_Consumido = 21;
delete from Servicos_Consumidos where ID_Servico_Consumido = 22;
delete from Servicos_Consumidos where ID_Servico_Consumido = 23;
delete from Servicos_Consumidos where ID_Servico_Consumido = 24;
delete from Servicos_Consumidos where ID_Servico_Consumido = 25;

delete from Avaliacoes where ID_Avaliacao=136;
delete from Avaliacoes where ID_Avaliacao=137;
delete from Avaliacoes where ID_Avaliacao=138;
delete from Avaliacoes where ID_Avaliacao=139;
delete from Avaliacoes where ID_Avaliacao=140;

delete from Computadores where ID_PC in (41);
delete from Computadores where ID_PC in (42);
delete from Computadores where ID_PC in (43);
delete from Computadores where ID_PC in (44);
delete from Computadores where ID_PC in (45);


